{
  "accuracy": 0.8611111111111112,
  "classification_report": {
    "0": {
      "f1-score": 0.9253731343283582,
      "precision": 0.8611111111111112,
      "recall": 1.0,
      "support": 31.0
    },
    "1": {
      "f1-score": 0.0,
      "precision": 0.0,
      "recall": 0.0,
      "support": 5.0
    },
    "accuracy": 0.8611111111111112,
    "macro avg": {
      "f1-score": 0.4626865671641791,
      "precision": 0.4305555555555556,
      "recall": 0.5,
      "support": 36.0
    },
    "weighted avg": {
      "f1-score": 0.7968490878938641,
      "precision": 0.7415123456790124,
      "recall": 0.8611111111111112,
      "support": 36.0
    }
  },
  "confusion_matrix": [
    [
      31,
      0
    ],
    [
      5,
      0
    ]
  ],
  "drop_high_missing": false,
  "dropped_columns": [],
  "f1": 0.0,
  "missing_threshold": 0.4,
  "pr_auc": 0.10033235792249073,
  "roc_auc": 0.1870967741935484,
  "selected_model": "logistic_regression",
  "selection_metric": "cv_pr_auc_mean",
  "selection_value": 0.14766523090071185
}